player_id,player_name,country
4558,GS Chappell,Australia
4560,IM Chappell,Australia
4613,AN Connolly,Australia
6270,WM Lawry,Australia
6576,GD McKenzie,Australia
6472,AA Mallett,Australia
6502,RW Marsh,Australia
7314,IR Redpath,Australia
7666,KR Stackpole,Australia
7944,AL Thomson,Australia
8151,KD Walters,Australia
5124,R Edwards,Australia
6295,DK Lillee,Australia
6518,RAL Massie,Australia
7597,AP Sheahan,Australia
8176,GD Watson,Australia
4600,DJ Colley,Australia
5569,JR Hammond,Australia
4208,RJ Bright,Australia
4916,IC Davis,Australia
4999,G Dymock,Australia
5396,GJ Gilmour,Australia
8137,MHN Walker,Australia
8244,AJ Woodcock,Australia
5126,WJ Edwards,Australia
5732,AG Hurst,Australia
6022,TJ Jenner,Australia
7946,JR Thomson,Australia
6547,RB McCosker,Australia
7989,A Turner,Australia
4629,GJ Cosier,Australia
5696,DW Hookes,Australia
6474,MF Malone,Australia
7002,KJ O'Keeffe,Australia
7083,LS Pascoe,Australia
7594,CS Serjeant,Australia
5724,KJ Hughes,Australia
7376,RD Robinson,Australia
4517,IW Callen,Australia
4584,WM Clark,Australia
4900,WM Darling,Australia
6261,TJ Laughlin,Australia
7360,SJ Rixon,Australia
7619,RB Simpson,Australia
7959,PM Toohey,Australia
8251,GM Wood,Australia
8448,GN Yallop,Australia
8449,B Yardley,Australia
4174,AR Border,Australia
4534,PH Carlson,Australia
6452,JA Maclean,Australia
5656,AMJ Hilditch,Australia
5685,RM Hogg,Australia
8264,KJ Wright,Australia
6654,JK Moss,Australia
7135,GD Porter,Australia
6250,BM Laird,Australia
8224,JM Wiener,Australia
8210,DF Whatmore,Australia
5001,J Dyson,Australia
4561,TM Chappell,Australia
5420,SF Graf,Australia
6272,GF Lawson,Australia
6143,MF Kent,Australia
4112,GR Beard,Australia
3943,TM Alderman,Australia
8198,DM Wellham,Australia
7358,GM Ritchie,Australia
7115,WB Phillips,Australia
7302,CG Rackemann,Australia
47884,KC Wessels,Australia
6460,JN Maguire,Australia
5679,TG Hogan,Australia
6453,KH MacLeay,Australia
7656,SB Smith,Australia
8220,MR Whitney,Australia
8256,RD Woolley,Australia
6525,GRJ Matthews,Australia
6044,DM Jones,Australia
4169,DC Boon,Australia
4127,MJ Bennett,Australia
6551,CJ McDermott,Australia
6995,SP O'Donnell,Australia
5692,RG Holland,Australia
6549,RJ McCurdy,Australia
6145,RB Kerr,Australia
4923,SP Davis,Australia
5385,DR Gilbert,Australia
7319,BA Reid,Australia
8192,SR Waugh,Australia
6499,GR Marsh,Australia
7970,GS Trimble,Australia
8468,TJ Zoehrer,Australia
4996,GC Dyer,Australia
4151,GA Bishop,Australia
7926,PL Taylor,Australia
8105,MRJ Veletta,Australia
6628,TM Moody,Australia
6534,TBA May,Australia
8466,AK Zesers,Australia
4964,AIC Dodemaide,Australia
5628,IA Healy,Australia
7612,JD Siddons,Australia
5726,MG Hughes,Australia
8189,ME Waugh,Australia
4523,GD Campbell,Australia
7924,MA Taylor,Australia
7326,PR Reiffel,Australia
6513,DR Martyn,Australia
8166,SK Warne,Australia
5616,ML Hayden,Australia
6056,BP Julian,Australia
6565,GD McGrath,Australia
7629,MJ Slater,Australia
5239,DW Fleming,Australia
4144,MG Bevan,Australia
6256,JL Langer,Australia
3975,J Angel,Australia
7366,GR Robertson,Australia
5139,PA Emery,Australia
6274,SG Law,Australia
4161,GS Blewett,Australia
7133,RT Ponting,Australia
6282,S Lee,Australia
6126,MS Kasprowicz,Australia
5681,GB Hogg,Australia
5392,JN Gillespie,Australia
6285,DS Lehmann,Australia
5390,AC Gilchrist,Australia
4146,AJ Bichel,Australia
7691,AM Stuart,Australia
4890,AC Dale,Australia
4951,MJ Di Venuto,Australia
5130,MTG Elliott,Australia
5597,IJ Harvey,Australia
8241,P Wilson,Australia
6462,JP Maher,Australia
8453,BE Young,Australia
7702,A Symonds,Australia
6278,B Lee,Australia
6441,SCG MacGill,Australia
4185,NW Bracken,Australia
6128,SM Katich,Australia
5560,BJ Haddin,Australia
8231,BA Williams,Australia
4527,RJ Campbell,Australia
5593,NM Hauritz,Australia
8180,SR Watson,Australia
4578,MJ Clarke,Australia
5939,MEK Hussey,Australia
5702,JR Hopes,Australia
8291,CL White,Australia
4582,SR Clark,Australia
5674,BJ Hodge,Australia
6291,ML Lewis,Australia
6033,MG Johnson,Australia
5112,BR Dorey,Australia
6060,PA Jaques,Australia
4882,DJ Cullen,Australia
4818,MJ Cosgrove,Australia
5941,BW Hilfenhaus,Australia
8076,SW Tait,Australia
8119,AC Voges,Australia
6938,AA Noffke,Australia
6683,SE Marsh,Australia
7502,L Ronchi,Australia
5766,DJ Hussey,Australia
5472,B Geeves,Australia
5779,RJ Harris,Australia
219889,DA Warner,Australia
5236,CJ Ferguson,Australia
7898,PM Siddle,Australia
315623,B Laughlin,Australia
5605,SM Harwood,Australia
4508,DE Bollinger,Australia
6943,MJ North,Australia
6981,DP Nannes,Australia
7252,TD Paine,Australia
5961,MC Henriques,Australia
6480,GA Manou,Australia
6903,CJ McKay,Australia
267192,SPD Smith,Australia
288284,JR Hazlewood,Australia
228622,JW Hastings,Australia
311592,MA Starc,Australia
5017,XJ Doherty,Australia
6235,JJ Krejza,Australia
272465,JL Pattinson,Australia
489889,PJ Cummins,Australia
272450,MR Marsh,Australia
4864,DT Christian,Australia
230193,MS Wade,Australia
232285,PJ Forrest,Australia
272279,NM Lyon,Australia
4451,GJ Bailey,Australia
325026,GJ Maxwell,Australia
5334,AJ Finch,Australia
272364,PJ Hughes,Australia
215155,UT Khawaja,Australia
230371,BCJ Cutting,Australia
272262,KW Richardson,Australia
270484,JP Faulkner,Australia
240609,Fawad Ahmed,Australia
261354,NM Coulter-Nile,Australia
398666,SA Abbott,Australia
499660,GS Sandhu,Australia
326632,JA Burns,Australia
505120,AC Agar,Australia
325012,MP Stoinis,Australia
446548,SM Boland,Australia
501012,JS Paris,Australia
379504,A Zampa,Australia
530011,TM Head,Australia
557298,DJ Worrall,Australia
439288,JM Mennie,Australia
553800,CP Tremain,Australia
326637,CA Lynn,Australia
533042,B Stanlake,Australia
334337,PSP Handscomb,Australia
826679,SD Heazlett,Australia
557295,HWR Cartwright,Australia
459508,AJ Tye,Australia
326434,AT Carey,Australia
774223,JA Richardson,Australia
376169,MG Neser,Australia
308798,DJM Short,Australia
272477,JP Behrendorff,Australia
500268,AJ Turner,Australia
55896,Gazi Ashraf,Bangladesh
55898,Gholam Nousher,Bangladesh
55897,Golam Faruq,Bangladesh
55907,Hafizur Rahman,Bangladesh
55933,Jahangir Shah,Bangladesh
55971,Minhajul Abedin,Bangladesh
56040,Nurul Abedin,Bangladesh
56066,Rafiqul Alam,Bangladesh
56070,Raqibul Hasan,Bangladesh
56097,Samiur Rahman,Bangladesh
56102,Shaheedur Rahman,Bangladesh
56224,Aminul Islam,Bangladesh
56227,Athar Ali Khan,Bangladesh
56229,Azhar Hossain,Bangladesh
55912,Harunur Rashid,Bangladesh
56038,Nasir Ahmed,Bangladesh
56165,Zahid Razzak,Bangladesh
56221,Akram Khan,Bangladesh
55885,Faruk Ahmed,Bangladesh
56162,Wahidul Gani,Bangladesh
55878,Enamul Haque,Bangladesh
55937,Jahangir Alam Talukdar,Bangladesh
56094,Saiful Islam,Bangladesh
56222,Anisur Rahman,Bangladesh
55935,Javed Omar,Bangladesh
55954,Khaled Mashud,Bangladesh
55973,Mohammad Rafique,Bangladesh
56096,Sajjad Ahmed,Bangladesh
55906,Habibul Bashar,Bangladesh
55909,Hasibul Hossain,Bangladesh
56035,Naimur Rahman,Bangladesh
56118,Sheikh Salahuddin,Bangladesh
55965,Mafizur Rahman,Bangladesh
56166,Zakir Hasan,Bangladesh
55932,Jahangir Alam,Bangladesh
56104,Shahriar Hossain,Bangladesh
56101,Shafiuddin Ahmed,Bangladesh
55952,Khaled Mahmud,Bangladesh
56107,Sanwar Hossain,Bangladesh
56098,Shariful Haque,Bangladesh
56173,Zakir Hossain,Bangladesh
55970,Mehrab Hossain,Bangladesh
55974,Morshed Ali Khan,Bangladesh
56219,Al Sahariar,Bangladesh
55968,Manjural Islam,Bangladesh
56225,Aminul Islam jnr,Bangladesh
55966,Mahbubur Rahman,Bangladesh
56044,Neeyamur Rashid,Bangladesh
56238,Ahmed Kamal,Bangladesh
55976,Mushfiqur Rahman,Bangladesh
55986,Mohammad Sharif,Bangladesh
55988,Mohammad Ashraful,Bangladesh
55887,Fahim Muntasir,Bangladesh
56007,Mashrafe Mortaza,Bangladesh
56186,Tushar Imran,Bangladesh
56188,Tareq Aziz,Bangladesh
56251,Alok Kapali,Bangladesh
56176,Tapash Baisya,Bangladesh
55915,Hannan Sarkar,Bangladesh
55997,Mazharul Haque,Bangladesh
56180,Talha Jubair,Bangladesh
56235,Anwar Hossain Monir,Bangladesh
56077,Rafiqul Islam,Bangladesh
55880,Ehsanul Haque,Bangladesh
56255,Anwar Hossain,Bangladesh
55982,Mohammad Salim,Bangladesh
56074,Rajin Saleh,Bangladesh
55938,Jamaluddin Ahmed,Bangladesh
55991,Manjural Islam Rana,Bangladesh
56064,Nafees Iqbal,Bangladesh
56011,Moniruzzaman,Bangladesh
55889,Faisal Hossain,Bangladesh
56283,Abdur Razzak,Bangladesh
56266,Aftab Ahmed,Bangladesh
56056,Nazmul Hossain,Bangladesh
55882,Enamul Haque jnr,Bangladesh
56153,Shahriar Nafees,Bangladesh
56160,Syed Rasel,Bangladesh
56149,Shahadat Hossain,Bangladesh
55894,Farhad Reza,Bangladesh
56029,Mushfiqur Rahim,Bangladesh
56143,Shakib Al Hasan,Bangladesh
56031,Mehrab Hossain jnr,Bangladesh
56194,Tamim Iqbal,Bangladesh
56025,Mahmudullah,Bangladesh
55946,Junaid Siddique,Bangladesh
56208,Dhiman Ghosh,Bangladesh
56017,Mosharraf Hossain,Bangladesh
56093,Raqibul Hasan,Bangladesh
56059,Nazimuddin,Bangladesh
56209,Dolar Mahmud,Bangladesh
56054,Naeem Islam,Bangladesh
280734,Imrul Kayes,Bangladesh
56032,Mahbubul Alam,Bangladesh
300619,Rubel Hossain,Bangladesh
288305,Shafiul Islam,Bangladesh
56138,Sohrawordi Shuvo,Bangladesh
55944,Jahurul Islam,Bangladesh
300618,Nasir Hossain,Bangladesh
402992,Shuvagata Hom,Bangladesh
55883,Elias Sunny,Bangladesh
373439,Abul Hasan,Bangladesh
380354,Anamul Haque,Bangladesh
373696,Mominul Haque,Bangladesh
444135,Sohag Gazi,Bangladesh
56167,Ziaur Rahman,Bangladesh
227455,Robiul Islam,Bangladesh
56154,Shamsur Rahman,Bangladesh
511532,Al-Amin Hossain,Bangladesh
56268,Arafat Sunny,Bangladesh
269237,Mohammad Mithun,Bangladesh
538506,Taskin Ahmed,Bangladesh
373538,Sabbir Rahman,Bangladesh
629066,Jubair Hossain,Bangladesh
436677,Soumya Sarkar,Bangladesh
401057,Taijul Islam,Bangladesh
536936,Liton Das,Bangladesh
330902,Mustafizur Rahman,Bangladesh
550133,Mosaddek Hossain,Bangladesh
410765,Nurul Hasan,Bangladesh
301847,Subashis Roy,Bangladesh
421892,Tanbir Hayder,Bangladesh
629063,Mehidy Hasan Miraz,Bangladesh
380974,Sunzamul Islam,Bangladesh
629070,Mohammad Saifuddin,Bangladesh
550137,Abu Hider,Bangladesh
629058,Najmul Hossain Shanto,Bangladesh
446810,Nazmul Islam,Bangladesh
55893,Fazle Mahmud,Bangladesh
270135,Ariful Haque,Bangladesh
410763,Abu Jayed,Bangladesh
9187,G Boycott,England
10846,MC Cowdrey,England
11914,BL D'Oliveira,England
12490,JH Edrich,England
12854,KWR Fletcher,England
14024,JH Hampshire,England
15385,R Illingworth,England
15917,APE Knott,England
16262,P Lever,England
20182,K Shuttleworth,England
20282,JA Snow,England
8535,DL Amiss,England
8566,GG Arnold,England
10754,DB Close,England
13463,AW Greig,England
22520,RA Woolmer,England
22498,B Wood,England
14106,FC Hayes,England
19469,GRJ Roope,England
22149,DL Underwood,England
11870,MH Denness,England
14159,M Hendrick,England
18256,CM Old,England
20257,MJ Smith,England
21494,RW Taylor,England
22462,RGD Willis,England
15468,JA Jameson,England
16318,D Lloyd,England
15461,RD Jackman,England
16370,BW Luckhurst,England
21548,FJ Titmus,England
8990,GD Barlow,England
9163,IT Botham,England
13399,GA Gooch,England
16260,JK Lever,England
20345,DS Steele,England
19327,DW Randall,England
9208,JM Brearley,England
22442,P Willey,England
17025,G Miller,England
11931,PR Downton,England
12486,PH Edmonds,England
13340,MW Gatting,England
19478,BC Rose,England
10809,GA Cope,England
13418,DI Gower,England
19316,CT Radley,England
21550,RW Tolchard,England
8954,DL Bairstow,England
16203,W Larkins,England
11893,GR Dilley,England
12514,JE Emburey,England
20363,GB Stevenson,England
21466,CJ Tavare,England
16899,VJ Marks,England
8581,CWJ Athey,England
9323,AR Butcher,England
9329,RO Butcher,England
14302,GW Humpage,England
16352,JD Love,England
10793,G Cook,England
19394,CJ Richards,England
8526,PJW Allott,England
16178,AJ Lamb,England
14152,EE Hemmings,England
18627,DR Pringle,England
10839,NG Cowans,England
15511,TE Jesty,England
13414,IJ Gould,England
12884,G Fowler,England
12879,NA Foster,England
20233,CL Smith,England
10797,NGB Cook,England
16322,TA Lloyd,England
12507,RM Ellison,England
19445,RT Robinson,England
8501,JP Agnew,England
10843,CS Cowdrey,England
17119,MD Moxon,England
12923,BN French,England
13365,N Gifford,England
22363,CM Wells,England
8942,RJ Bailey,England
18557,PI Pocock,England
21486,LB Taylor,England
21512,JG Thomas,England
20206,WN Slack,England
20235,DM Smith,England
9074,MR Benson,England
9230,BC Broad,England
11865,PAJ DeFreitas,England
20217,GC Small,England
10653,DJ Capel,England
12803,NH Fairbrother,England
22392,JJ Whitaker,England
19500,RC Russell,England
15485,PW Jarvis,England
19314,NV Radford,England
16378,MA Lynch,England
9002,KJ Barnett,England
20263,RA Smith,England
19374,SJ Rhodes,England
12909,ARC Fraser,England
20372,AJ Stewart,England
14325,N Hussain,England
16274,CC Lewis,England
16885,DE Malcolm,England
8579,MA Atherton,England
17102,JE Morris,England
9089,MP Bicknell,England
21611,PCR Tufnell,England
14187,GA Hick,England
15383,RK Illingworth,England
19323,MR Ramprakash,England
16219,DV Lawrence,England
19364,DA Reeve,England
9121,RJ Blakey,England
10816,DG Cork,England
20051,IDK Salisbury,England
21484,JP Taylor,England
10633,AR Caddick,England
21537,GP Thorpe,England
15380,AP Igglesden,England
16951,MP Maynard,England
22333,SL Watkin,England
13411,D Gough,England
22144,SD Udal,England
9069,JE Benjamin,England
22403,C White,England
10870,JP Crawley,England
16925,PJ Martin,England
22361,AP Wells,England
20259,NMK Smith,England
22328,M Watkinson,England
9246,AD Brown,England
12466,MA Ealham,England
15403,RC Irani,England
10881,RDB Croft,England
14127,DW Headley,England
15913,NV Knight,England
16320,GD Lloyd,England
17121,AD Mullally,England
14244,AJ Hollioake,England
20193,CEW Silverwood,England
13368,AF Giles,England
14246,BC Hollioake,England
9254,DR Brown,England
12850,MV Fleming,England
8487,CJ Adams,England
16876,DL Maddy,England
8590,ID Austin,England
8520,MW Alleyne,England
22365,VJ Wells,England
12856,A Flintoff,England
19346,CMW Read,England
20286,VS Solanki,England
20431,GP Swann,England
21585,ME Trescothick,England
12906,PJ Franks,England
13437,AP Grayson,England
22182,MP Vaughan,England
10772,PD Collingwood,England
20123,OA Shah,England
12877,JS Foster,England
14236,MJ Hoggard,England
15901,RJ Kirtley,England
20278,JN Snape,England
20187,RJ Sidebottom,England
21607,AJ Tudor,England
9117,ID Blackwell,England
9042,GJ Batty,England
8608,JM Anderson,England
14054,SJ Harmison,England
11724,R Clarke,England
16975,A McGrath,England
21598,JO Troughton,England
15522,RL Johnson,England
15876,RWT Key,England
8476,Kabir Ali,England
20387,AJ Strauss,England
15501,GO Jones,England
17944,SI Mahmood,England
22380,AG Wharf,England
9062,IR Bell,England
19296,KP Pietersen,England
15555,SP Jones,England
18675,MJ Prior,England
16281,J Lewis,England
21650,CT Tremlett,England
19264,LE Plunkett,England
10712,G Chapple,England
11974,JWM Dalrymple,England
24249,EC Joyce,England
9310,TT Bresnan,England
16388,AGR Loudon,England
11728,AN Cook,England
10617,SCJ Broad,England
23523,MH Yardy,England
18023,PA Nixon,England
18655,MS Panesar,England
16362,MB Loye,England
10582,RS Bopara,England
16932,AD Mascarenhas,England
23460,LJ Wright,England
17185,P Mustard,England
8845,TR Ambrose,England
18632,SR Patel,England
24598,EJG Morgan,England
12454,JL Denly,England
244497,AU Rashid,England
47623,IJL Trott,England
18389,G Onions,England
12450,SM Davies,England
230855,C Kieswetter,England
21646,JC Tredwell,England
21431,A Shahzad,England
247235,CR Woakes,England
210283,ST Finn,England
12461,JW Dernbach,England
310519,SG Borthwick,England
311158,BA Stokes,England
297635,JWA Taylor,England
297433,JM Bairstow,England
297634,SC Meaker,England
310107,DR Briggs,England
308967,JC Buttler,England
303669,JE Root,England
232438,GS Ballance,England
10656,MA Carberry,England
24599,WB Rankin,England
288992,CJ Jordan,England
8917,MM Ali,England
16406,MJ Lumb,England
215058,SD Parry,England
244639,HF Gurney,England
249866,AD Hales,England
349853,ZS Ansari,England
298438,JJ Roy,England
296597,JM Vince,England
308251,DJ Willey,England
351588,MA Wood,England
297628,SW Billings,England
461632,RJW Topley,England
211855,LA Dawson,England
414990,JT Ball,England
521637,BM Duckett,England
370535,TS Roland-Jones,England
550235,TK Curran,England
464626,C Overton,England
662973,SM Curran,England
457279,OP Stone,England
669855,JC Archer,England
364788,BT Foakes,England
236489,DJ Malan,England
26169,S Abid Ali,India
26875,BS Bedi,India
28624,FM Engineer,India
28794,SM Gavaskar,India
30873,S Madan Lal,India
31778,SS Naik,India
32231,BP Patel,India
34085,ED Solkar,India
35656,S Venkataraghavan,India
35712,GR Viswanath,India
35933,AL Wadekar,India
26966,GK Bose,India
30938,AV Mankad,India
26225,M Amarnath,India
28754,AD Gaekwad,India
28813,KD Ghavri,India
30116,SMH Kirmani,India
33958,PH Sharma,India
35654,DB Vengsarkar,India
27591,BS Chandrasekhar,India
30135,P Krishnamurthy,India
34136,R Sudhakar Rao,India
26226,S Amarnath,India
27619,CPS Chauhan,India
30028,N Kapil Dev,India
36075,Yashpal Sharma,India
33152,B Reddy,India
30077,SC Khanna,India
26325,KBJ Azad,India
26948,RMH Binny,India
28107,DR Doshi,India
32283,SM Patil,India
34109,TE Srinivasan,India
36078,B Yograj Singh,India
33085,Randhir Singh,India
33975,RJ Shastri,India
34103,K Srikkanth,India
31808,SV Nayak,India
26295,J Arun Lal,India
30912,AO Malhotra,India
32201,GAHM Parkar,India
33816,BS Sandhu,India
30923,Maninder Singh,India
33891,TAP Sekhar,India
33949,C Sharma,India
30151,RR Kulkarni,India
32323,M Prabhakar,India
32226,AK Patel,India
28808,RS Ghai,India
31038,KS More,India
26329,M Azharuddin,India
35713,S Viswanath,India
33034,LS Rajput,India
34074,L Sivaramakrishnan,India
33952,G Sharma,India
36064,NS Yadav,India
32179,CS Pandit,India
30745,R Lamba,India
34057,RP Singh,India
26293,B Arun,India
34028,NS Sidhu,India
26290,Arshad Ayub,India
33058,WV Raman,India
33943,AK Sharma,India
33963,SK Sharma,India
30934,SV Manjrekar,India
29299,ND Hirwani,India
27592,VB Chandrasekhar,India
32249,RGM Patel,India
35657,M Venkataramana,India
34059,RR Singh,India
26257,SA Ankola,India
33151,V Razdan,India
35320,SR Tendulkar,India
33044,SLV Raju,India
35939,AS Wassan,India
28884,Gursharan Singh,India
30176,A Kumble,India
31048,SP Mukherjee,India
30009,VG Kambli,India
34105,J Srinath,India
26238,PK Amre,India
26853,ST Banerjee,India
28779,SC Ganguly,India
29632,A Jadeja,India
36069,V Yadav,India
27622,RK Chauhan,India
31036,NR Mongia,India
32345,BKV Prasad,India
26872,AC Bedade,India
26942,Bhupinder Singh snr,India
30030,AR Kapoor,India
35627,PS Vaidya,India
27603,U Chatterjee,India
28114,R Dravid,India
33120,V Rathour,India
30999,PL Mhambrey,India
29725,SB Joshi,India
34086,S Somasunder,India
28067,P Dharmani,India
30042,SS Karim,India
28774,D Ganesh,India
30182,A Kuruvilla,India
28149,NA David,India
30149,NM Kulkarni,India
29280,Harvinder Singh,India
31025,DS Mohanty,India
26815,SV Bahutule,India
30018,HH Kanitkar,India
34214,RL Sanghvi,India
26184,AB Agarkar,India
30750,VVS Laxman,India
29264,Harbhajan Singh,India
30107,GK Khoda,India
32346,MSK Prasad,India
27641,N Chopra,India
32192,JV Paranjpe,India
33129,SS Raul,India
34019,LR Shukla,India
32168,GK Pandey,India
30112,AR Khurasiya,India
33066,S Ramesh,India
35263,V Sehwag,India
30954,JJ Martin,India
35673,R Vijay Bharadwaj,India
30157,T Kumaran,India
28770,DJ Gandhi,India
28090,SS Dighe,India
34118,S Sriram,India
26802,HK Badani,India
26896,A Bhandari,India
27978,V Dahiya,India
30102,Z Khan,India
36084,Yuvraj Singh,India
34078,RS Sodhi,India
31034,D Mongia,India
31820,A Nehra,India
28010,SS Das,India
28146,D Dasgupta,India
33127,A Ratra,India
27225,SB Bangar,India
29990,M Kaif,India
34211,Sarandeep Singh,India
30049,M Kartik,India
36080,T Yohannan,India
36054,Jai P Yadav,India
26829,L Balaji,India
32242,PA Patel,India
28763,G Gambhir,India
34264,AM Salvi,India
31107,A Mishra,India
29998,AV Kale,India
32685,IK Pathan,India
28792,RS Gavaskar,India
32391,RR Powar,India
30045,KD Karthik,India
28081,MS Dhoni,India
29976,Joginder Sharma,India
33335,SK Raina,India
35805,Y Venugopal Rao,India
35280,RP Singh,India
34274,S Sreesanth,India
32965,MM Patel,India
35281,VRV Singh,India
35582,RV Uthappa,India
29646,W Jaffer,India
32966,PP Chawla,India
34102,RG Sharma,India
236779,I Sharma,India
30732,P Kumar,India
35565,MK Tiwary,India
32498,YK Pathan,India
317293,MS Gony,India
32130,PP Ojha,India
253802,V Kohli,India
26806,S Badrinath,India
234675,RA Jadeja,India
32091,AM Nayar,India
317784,S Tyagi,India
310958,A Mithun,India
237095,M Vijay,India
227712,AB Dinda,India
35731,R Vinay Kumar,India
376116,UT Yadav,India
26421,R Ashwin,India
32102,NV Ojha,India
32973,Pankaj Singh,India
28235,S Dhawan,India
35390,SS Tiwary,India
279810,WP Saha,India
277916,AM Rahane,India
360911,VR Aaron,India
272994,R Sharma,India
326016,B Kumar,India
481896,Mohammed Shami,India
33141,AT Rayudu,India
390484,JD Unadkat,India
32540,CA Pujara,India
537119,MM Sharma,India
27223,STR Binny,India
378496,Parvez Rasool,India
554691,AR Patel,India
277955,DS Kulkarni,India
30288,KV Sharma,India
290716,KM Jadhav,India
290630,MK Pandey,India
537126,BB Sran,India
290727,R Dhawan,India
537124,Gurkeerat Singh,India
625383,JJ Bumrah,India
430246,YS Chahal,India
398439,KK Nair,India
422108,KL Rahul,India
28671,FY Fazal,India
625371,HH Pandya,India
447587,J Yadav,India
559235,Kuldeep Yadav,India
475281,SN Thakur,India
642519,SS Iyer,India
719715,Washington Sundar,India
326017,S Kaul,India
942645,KK Ahmed,India
447261,DL Chahar,India
931581,RR Pant,India
940973,Mohammed Siraj,India
477021,V Shankar,India
1070173,Shubman Gill,India
36314,MG Burgess,NewZealand
36606,RO Collinge,NewZealand
36608,PG Coman,NewZealand
36611,BE Congdon,NewZealand
37222,DR Hadlee,NewZealand
37224,Sir RJ Hadlee,NewZealand
37243,BF Hastings,NewZealand
37255,HJ Howarth,NewZealand
38622,GM Turner,NewZealand
38711,GE Vivian,NewZealand
38735,KJ Wadsworth,NewZealand
38129,V Pollard,NewZealand
38244,RE Redmond,NewZealand
38609,BR Taylor,NewZealand
36595,BL Cairns,NewZealand
38064,DR O'Sullivan,NewZealand
38113,JM Parker,NewZealand
37220,BG Hadlee,NewZealand
37254,GP Howarth,NewZealand
37731,JFM Morrison,NewZealand
37707,BJ McKechnie,NewZealand
36952,GN Edwards,NewZealand
36180,RW Anderson,NewZealand
38114,NM Parker,NewZealand
38253,ADG Roberts,NewZealand
38617,GB Troup,NewZealand
36303,SL Boock,NewZealand
38757,JG Wright,NewZealand
36304,BP Bracewell,NewZealand
36951,BA Edgar,NewZealand
36609,JV Coney,NewZealand
37605,WK Lees,NewZealand
38405,LW Stott,NewZealand
36603,EJ Chatfield,NewZealand
37703,PE McEwan,NewZealand
38246,JF Reid,NewZealand
38398,MC Snedden,NewZealand
38396,IDS Smith,NewZealand
38252,GK Robertson,NewZealand
36622,MD Crowe,NewZealand
36299,BR Blair,NewZealand
36620,JJ Crowe,NewZealand
38745,PN Webb,NewZealand
38746,RJ Webb,NewZealand
37002,TJ Franklin,NewZealand
36306,JG Bracewell,NewZealand
38404,DA Stirling,NewZealand
37103,EJ Gray,NewZealand
37240,RT Hart,NewZealand
38258,KR Rutherford,NewZealand
37714,EB McSweeney,NewZealand
37102,SR Gillespie,NewZealand
36297,TE Blain,NewZealand
38742,W Watson,NewZealand
37251,PA Horne,NewZealand
38118,DN Patel,NewZealand
37491,AH Jones,NewZealand
37730,DK Morrison,NewZealand
36310,VR Brown,NewZealand
37105,MJ Greatbatch,NewZealand
37532,CM Kuggeleijn,NewZealand
38249,RB Reid,NewZealand
38707,RH Vance,NewZealand
37601,GR Larsen,NewZealand
38255,SJ Roberts,NewZealand
38613,SA Thomson,NewZealand
37720,JP Millmow,NewZealand
38132,MW Priest,NewZealand
38133,C Pringle,NewZealand
38749,DJ White,NewZealand
36308,GE Bradburn,NewZealand
37232,CZ Harris,NewZealand
38124,RG Petrie,NewZealand
37602,RT Latham,NewZealand
38929,BA Young,NewZealand
36597,CL Cairns,NewZealand
38409,ML Su'a,NewZealand
36835,SB Doull,NewZealand
38008,DJ Nash,NewZealand
38117,AC Parore,NewZealand
37235,BR Hartland,NewZealand
38708,JTC Vaughan,NewZealand
37241,MJ Haslam,NewZealand
38066,MB Owens,NewZealand
38751,JW Wilson,NewZealand
36826,RP de Groen,NewZealand
37237,MN Hart,NewZealand
37000,SP Fleming,NewZealand
36833,MW Douglas,NewZealand
36825,HT Davis,NewZealand
37735,DJ Murray,NewZealand
37101,LK Germon,NewZealand
36185,NJ Astle,NewZealand
37245,RL Hayes,NewZealand
38624,RG Twose,NewZealand
38401,CM Spearman,NewZealand
37530,RJ Kennedy,NewZealand
36179,GI Allott,NewZealand
37250,MJ Horne,NewZealand
38710,DL Vettori,NewZealand
38120,AJ Penn,NewZealand
37712,CD McMillan,NewZealand
38060,SB O'Connor,NewZealand
37257,LG Howell,NewZealand
38753,PJ Wiseman,NewZealand
36285,MD Bailey,NewZealand
36294,MD Bell,NewZealand
38608,AR Tait,NewZealand
36839,CJ Drum,NewZealand
36312,CE Bulfin,NewZealand
38407,SB Styris,NewZealand
38755,WA Wisneski,NewZealand
38393,MS Sinclair,NewZealand
38009,CJ Nevin,NewZealand
38411,GP Sulzberger,NewZealand
38620,DR Tuffey,NewZealand
38737,BGK Walker,NewZealand
37004,JEC Franklin,NewZealand
37700,CS Martin,NewZealand
38062,JDP Oram,NewZealand
38714,L Vincent,NewZealand
36192,AR Adams,NewZealand
37740,KD Mills,NewZealand
36326,SE Bond,NewZealand
38251,MH Richardson,NewZealand
37737,BB McCullum,NewZealand
36331,IG Butler,NewZealand
37239,RG Hart,NewZealand
37263,PA Hitchcock,NewZealand
36627,CD Cumming,NewZealand
37494,RA Jones,NewZealand
37696,HJH Marshall,NewZealand
37701,MJ Mason,NewZealand
38760,MDJ Walker,NewZealand
38740,KP Walmsley,NewZealand
36632,TK Canning,NewZealand
38111,MHW Papps,NewZealand
37248,GJ Hopkins,NewZealand
37091,PG Fulton,NewZealand
37698,JAH Marshall,NewZealand
37228,LJ Hamilton,NewZealand
38141,JS Patel,NewZealand
37265,JM How,NewZealand
38699,LRPL Taylor,NewZealand
37111,MR Gillespie,NewZealand
38373,JD Ryder,NewZealand
38108,IE O'Brien,NewZealand
37095,DR Flynn,NewZealand
232364,TG Southee,NewZealand
44956,GD Elliott,NewZealand
36581,NT Broom,NewZealand
226492,MJ Guptill,NewZealand
36950,BJ Diamanti,NewZealand
37770,PD McGlashan,NewZealand
38626,EP Thompson,NewZealand
37749,NL McCullum,NewZealand
38264,AJ Redmond,NewZealand
38952,PJ Ingram,NewZealand
38005,AJ McKay,NewZealand
38418,SL Stewart,NewZealand
277906,KS Williamson,NewZealand
38924,BJ Watling,NewZealand
226493,HK Bennett,NewZealand
38920,LJ Woodcock,NewZealand
362541,DAJ Bracewell,NewZealand
38058,RJ Nicol,NewZealand
36187,GW Aldridge,NewZealand
4493,DG Brownlie,NewZealand
36993,AM Ellis,NewZealand
388802,TWM Latham,NewZealand
377639,TS Nethula,NewZealand
36590,MD Bates,NewZealand
55395,C de Grandhomme,NewZealand
277912,TA Boult,NewZealand
450860,AF Milne,NewZealand
319439,MJ McClenaghan,NewZealand
355269,JDS Neesham,NewZealand
232359,C Munro,NewZealand
331375,HD Rutherford,NewZealand
7502,L Ronchi,NewZealand
277662,CJ Anderson,NewZealand
36948,AP Devcich,NewZealand
506612,MJ Henry,NewZealand
502714,MJ Santner,NewZealand
440523,BM Wheeler,NewZealand
355267,AW Mathieson,NewZealand
559066,IS Sodhi,NewZealand
277911,GH Worker,NewZealand
539511,HM Nicholls,NewZealand
493773,LH Ferguson,NewZealand
539548,SC Kuggeleijn,NewZealand
395057,SHA Rance,NewZealand
213674,TD Astle,NewZealand
438563,MS Chapman,NewZealand
625964,TL Seifert,NewZealand
39010,Asif Iqbal,Pakistan
39012,Asif Masood,Pakistan
40567,Intikhab Alam,Pakistan
41919,Majid Khan,Pakistan
41318,Mushtaq Mohammad,Pakistan
42057,Nasim-ul-Ghani,Pakistan
42601,Sadiq Mohammad,Pakistan
42616,Saleem Altaf,Pakistan
42630,Sarfraz Nawaz,Pakistan
43549,Wasim Bari,Pakistan
43553,Wasim Raja,Pakistan
40560,Imran Khan,Pakistan
43695,Zaheer Abbas,Pakistan
42055,Naseer Malik,Pakistan
40879,Javed Miandad,Pakistan
42323,Pervez Mir,Pakistan
41303,Mohsin Khan,Pakistan
38963,Aamer Hameed,Pakistan
40376,Hasan Jamil,Pakistan
41246,Liaqat Ali,Pakistan
41308,Mudassar Nazar,Pakistan
42636,Shafiq Ahmed,Pakistan
40375,Haroon Rasheed,Pakistan
40572,Iqbal Qasim,Pakistan
42661,Sikander Bakht,Pakistan
39006,Arshad Pervez,Pakistan
42071,Naeem Ahmed,Pakistan
39026,Azmat Rana,Pakistan
41263,Mansoor Akhtar,Pakistan
41294,Mohammad Nazir,Pakistan
43275,Taslim Arif,Pakistan
39008,Ashraf Ali,Pakistan
40556,Ijaz Faqih,Pakistan
42421,Rashid Khan,Pakistan
42624,Saleem Pervez,Pakistan
43271,Tahir Naqqash,Pakistan
42428,Rizwan-uz-Zaman,Pakistan
42623,Saleem Malik,Pakistan
40872,Jalal-ud-Din,Pakistan
42626,Saleem Yousuf,Pakistan
43277,Tauseef Ahmed,Pakistan
42644,Shahid Mahboob,Pakistan
38973,Abdul Qadir,Pakistan
39021,Azeem Hafeez,Pakistan
42362,Qasim Umar,Pakistan
42599,Saadat Ali,Pakistan
38999,Anil Dalpat,Pakistan
42062,Naved Anjum,Pakistan
41262,Manzoor Elahi,Pakistan
42610,Sajid Ali,Pakistan
43703,Zakir Khan,Pakistan
42658,Shoaib Mohammad,Pakistan
43547,Wasim Akram,Pakistan
41301,Mohsin Kamal,Pakistan
41275,Masood Iqbal,Pakistan
42420,Rameez Raja,Pakistan
43707,Zulqarnain,Pakistan
42879,Saleem Jaffar,Pakistan
39013,Asif Mujtaba,Pakistan
40551,Ijaz Ahmed,Pakistan
43648,Younis Ahmed,Pakistan
43696,Zahid Ahmed,Pakistan
42652,Shakeel Khan,Pakistan
40369,Haafiz Shahid,Pakistan
38965,Aamer Malik,Pakistan
41304,Moin-ul-Atiq,Pakistan
38970,Aaqib Javed,Pakistan
42605,Saeed Anwar,Pakistan
41316,Mushtaq Ahmed,Pakistan
42647,Shahid Saeed,Pakistan
43543,Waqar Younis,Pakistan
42664,Sohail Fazal,Pakistan
38989,Akram Raza,Pakistan
41272,Maqsood Rana,Pakistan
42044,Nadeem Ghauri,Pakistan
42612,Sajjad Akbar,Pakistan
41261,Mansoor Rana,Pakistan
43697,Zahid Fazal,Pakistan
41306,Moin Khan,Pakistan
38967,Aamer Sohail,Pakistan
40570,Inzamam-ul-Haq,Pakistan
40574,Iqbal Sikander,Pakistan
43550,Wasim Haider,Pakistan
43274,Tanvir Mehdi,Pakistan
42423,Rashid Latif,Pakistan
39015,Ata-ur-Rehman,Pakistan
39005,Arshad Khan,Pakistan
40305,Ghulam Ali,Pakistan
39954,Basit Ali,Pakistan
38966,Aamer Nazir,Pakistan
42047,Nadeem Khan,Pakistan
38964,Aamer Hanif,Pakistan
40575,Irfan Bhatti,Pakistan
39007,Ashfaq Ahmed,Pakistan
41026,Kabir Khan,Pakistan
42648,Shakeel Ahmed jnr,Pakistan
42051,Naeem Ashraf,Pakistan
43692,Zafar Iqbal,Pakistan
40880,Javed Qadeer,Pakistan
41259,Mahmood Hamid,Pakistan
41282,Mohammad Akram,Pakistan
42620,Saleem Elahi,Pakistan
42628,Saqlain Mushtaq,Pakistan
42607,Saeed Azad,Pakistan
42634,Shadab Kabir,Pakistan
42641,Shahid Anwar,Pakistan
42646,Shahid Nazir,Pakistan
39024,Azhar Mahmood,Pakistan
42639,Shahid Afridi,Pakistan
40378,Hasan Raza,Pakistan
39836,Abdul Razzaq,Pakistan
39020,Azam Khan,Pakistan
43701,Zahoor Elahi,Pakistan
41297,Mohammad Wasim,Pakistan
41299,Mohammad Zahid,Pakistan
41310,Mujahid Jamshed,Pakistan
40553,Ijaz Ahmed jnr,Pakistan
41285,Mohammad Hussain,Pakistan
38986,Akhtar Sarfraz,Pakistan
41264,Manzoor Akhtar,Pakistan
40094,Fazl-e-Akbar,Pakistan
43650,Mohammad Yousuf,Pakistan
42655,Shoaib Akhtar,Pakistan
39011,Asif Mahmood,Pakistan
43539,Wajahatullah Wasti,Pakistan
40563,Imran Nazir,Pakistan
42632,Shabbir Ahmed,Pakistan
42657,Shoaib Malik,Pakistan
40580,Imran Abbas,Pakistan
43654,Yasir Arafat,Pakistan
43652,Younis Khan,Pakistan
40088,Faisal Iqbal,Pakistan
40577,Irfan Fazil,Pakistan
39019,Atiq-uz-Zaman,Pakistan
40582,Imran Farhat,Pakistan
40383,Humayun Farhat,Pakistan
41324,Mohammad Sami,Pakistan
41036,Kashif Raza,Pakistan
43363,Taufeeq Umar,Pakistan
40043,Danish Kaneria,Pakistan
42066,Naved Latif,Pakistan
41378,Misbah-ul-Haq,Pakistan
41028,Kamran Akmal,Pakistan
41434,Mohammad Hafeez,Pakistan
43524,Umar Gul,Pakistan
42272,Naved-ul-Hasan,Pakistan
43656,Yasir Hameed,Pakistan
40113,Faisal Athar,Pakistan
40926,Junaid Zia,Pakistan
42683,Salman Butt,Pakistan
39956,Bazid Khan,Pakistan
40591,Iftikhar Anjum,Pakistan
41452,Mohammad Khalil,Pakistan
41411,Mohammad Asif,Pakistan
39091,Abdur Rehman,Pakistan
40250,Fawad Alam,Pakistan
42160,Najaf Shah,Pakistan
43265,Sohail Tanvir,Pakistan
227760,Sarfaraz Ahmed,Pakistan
42321,Nasir Jamshed,Pakistan
43235,Samiullah Khan,Pakistan
41058,Kamran Hussain,Pakistan
41046,Khalid Latif,Pakistan
317252,Sohail Khan,Pakistan
39084,Abdur Rauf,Pakistan
41140,Khurram Manzoor,Pakistan
42430,Rizwan Ahmed,Pakistan
43590,Wahab Riaz,Pakistan
42059,Naumanullah,Pakistan
41963,Mansoor Amjad,Pakistan
42699,Saeed Ajmal,Pakistan
259410,Ahmed Shehzad,Pakistan
290948,Mohammad Amir,Pakistan
317273,Umar Akmal,Pakistan
370846,Shahzaib Hasan,Pakistan
288211,Umar Amin,Pakistan
316397,Asad Shafiq,Pakistan
429981,Mohammad Irfan,Pakistan
43860,Zulqarnain Haider,Pakistan
384518,Hammad Azam,Pakistan
259551,Junaid Khan,Pakistan
41481,Mohammad Salman,Pakistan
43307,Tanvir Ahmed,Pakistan
260519,Usman Salahuddin,Pakistan
39037,Azhar Ali,Pakistan
39038,Adnan Akmal,Pakistan
39821,Aizaz Cheema,Pakistan
43685,Yasir Shah,Pakistan
323244,Rahat Ali,Pakistan
547092,Ehsan Adil,Pakistan
222728,Asad Ali,Pakistan
318788,Haris Sohail,Pakistan
43266,Sohaib Maqsood,Pakistan
232491,Anwar Ali,Pakistan
343305,Bilawal Bhatti,Pakistan
227762,Sharjeel Khan,Pakistan
227771,Mohammad Talha,Pakistan
43871,Zulfiqar Babar,Pakistan
343548,Raza Hasan,Pakistan
323389,Mohammad Rizwan,Pakistan
317248,Saad Nasim,Pakistan
547079,Sami Aslam,Pakistan
348144,Babar Azam,Pakistan
227758,Imad Wasim,Pakistan
434429,Aamer Yamin,Pakistan
498875,Bilal Asif,Pakistan
480603,Iftikhar Ahmed,Pakistan
348154,Zafar Gohar,Pakistan
681305,Hasan Ali,Pakistan
348148,Mohammad Nawaz (3),Pakistan
922943,Shadab Khan,Pakistan
512191,Fakhar Zaman,Pakistan
681117,Faheem Ashraf,Pakistan
448243,Rumman Raees,Pakistan
568276,Imam-ul-Haq,Pakistan
697279,Usman Shinwari,Pakistan
494230,Asif Ali,Pakistan
1072470,Shaheen Shah Afridi,Pakistan
628240,Hussain Talat,Pakistan
389666,Mohammad Abbas,Pakistan
233901,Shan Masood,Pakistan
1158100,Mohammad Hasnain,Pakistan
39950,Abid Ali,Pakistan
547085,Saad Ali,Pakistan
44465,SJ Cook,SouthAfrica
44716,AA Donald,SouthAfrica
45458,AC Hudson,SouthAfrica
45815,PN Kirsten,SouthAfrica
45840,AP Kuiper,SouthAfrica
46214,BM McMillan,SouthAfrica
46976,CEB Rice,SouthAfrica
46978,DJ Richardson,SouthAfrica
47184,TG Shaw,SouthAfrica
47215,RP Snell,SouthAfrica
47884,KC Wessels,SouthAfrica
44954,CE Eksteen,SouthAfrica
46189,CR Matthews,SouthAfrica
48102,M Yachad,SouthAfrica
44485,WJ Cronje,SouthAfrica
46790,MW Pringle,SouthAfrica
46973,JN Rhodes,SouthAfrica
44097,T Bosch,SouthAfrica
45437,O Henry,SouthAfrica
47011,MW Rushmere,SouthAfrica
47715,CJPG van Zyl,SouthAfrica
44416,DJ Callaghan,SouthAfrica
44696,PS de Villiers,SouthAfrica
47165,BN Schultz,SouthAfrica
44489,DJ Cullinan,SouthAfrica
47239,ELR Stewart,SouthAfrica
47267,PL Symcox,SouthAfrica
45813,G Kirsten,SouthAfrica
47010,DB Rundle,SouthAfrica
47190,EO Simons,SouthAfrica
44486,DN Crookes,SouthAfrica
46987,MJR Rindel,SouthAfrica
45711,SD Jack,SouthAfrica
44091,N Boje,SouthAfrica
45984,GFJ Liebenberg,SouthAfrica
47242,PJR Steyn,SouthAfrica
43919,PR Adams,SouthAfrica
45789,JH Kallis,SouthAfrica
46774,SM Pollock,SouthAfrica
45821,L Klusener,SouthAfrica
46724,SJ Palframan,SouthAfrica
45224,HH Gibbs,SouthAfrica
44138,RE Bryson,SouthAfrica
44024,AM Bacher,SouthAfrica
45828,LJ Koen,SouthAfrica
44111,MV Boucher,SouthAfrica
46592,M Ntini,SouthAfrica
44960,S Elworthy,SouthAfrica
47539,R Telemachus,SouthAfrica
45419,M Hayward,SouthAfrica
44070,DM Benkenstein,SouthAfrica
44682,AC Dawson,SouthAfrica
47900,HS Williams,SouthAfrica
45396,AJ Hall,SouthAfrica
46255,PV Mpitsang,SouthAfrica
44708,HH Dippenaar,SouthAfrica
47255,PC Strydom,SouthAfrica
47541,DJ Terbrugge,SouthAfrica
46208,ND McKenzie,SouthAfrica
47903,CM Willoughby,SouthAfrica
46780,N Pothas,SouthAfrica
43909,S Abrahams,SouthAfrica
45797,JM Kemp,SouthAfrica
46681,JL Ontong,SouthAfrica
46569,A Nel,SouthAfrica
45431,CW Henderson,SouthAfrica
45963,CK Langeveldt,SouthAfrica
47270,GC Smith,SouthAfrica
45800,JC Kent,SouthAfrica
46750,RJ Peterson,SouthAfrica
47700,M van Jaarsveld,SouthAfrica
46788,AG Prince,SouthAfrica
48112,M Zondeki,SouthAfrica
47015,JA Rudolph,SouthAfrica
47711,MN van Wyk,SouthAfrica
46248,JA Morkel,SouthAfrica
44932,JP Duminy,SouthAfrica
44936,AB de Villiers,SouthAfrica
46797,AG Puttick,SouthAfrica
44149,J Botha,SouthAfrica
45888,GJP Kruger,SouthAfrica
47492,DW Steyn,SouthAfrica
47693,JJ van der Wath,SouthAfrica
44098,LE Bosman,SouthAfrica
46934,AN Petersen,SouthAfrica
46945,VD Philander,SouthAfrica
47663,MS Tshabalala,SouthAfrica
44089,GH Bodi,SouthAfrica
46538,M Morkel,SouthAfrica
43906,HM Amla,SouthAfrica
45568,PL Harris,SouthAfrica
46075,J Louw,SouthAfrica
47846,VB van Jaarsveld,SouthAfrica
265564,WD Parnell,SouthAfrica
47666,LL Tsotsobe,SouthAfrica
47850,RE van der Merwe,SouthAfrica
46393,R McLaren,SouthAfrica
321777,DA Miller,SouthAfrica
45705,CA Ingram,SouthAfrica
223642,J Theron,SouthAfrica
44828,F du Plessis,SouthAfrica
40618,Imran Tahir,SouthAfrica
393279,M de Lange,SouthAfrica
230852,D Elgar,SouthAfrica
379143,Q de Kock,SouthAfrica
45949,RK Kleinveldt,SouthAfrica
44410,F Behardien,SouthAfrica
46942,AM Phangiso,SouthAfrica
297583,KJ Abbott,SouthAfrica
439952,CH Morris,SouthAfrica
44752,H Davids,SouthAfrica
318845,RR Rossouw,SouthAfrica
230860,M Shezi,SouthAfrica
550215,K Rabada,SouthAfrica
221140,D Wiese,SouthAfrica
379145,T Shamsi,SouthAfrica
372116,T Bavuma,SouthAfrica
540316,AL Phehlukwayo,SouthAfrica
327830,D Pretorius,SouthAfrica
267724,KA Maharaj,SouthAfrica
327947,D Paterson,SouthAfrica
600498,AK Markram,SouthAfrica
698189,PWA Mulder,SouthAfrica
318842,K Zondo,SouthAfrica
436757,H Klaasen,SouthAfrica
542023,L Ngidi,SouthAfrica
269280,RR Hendricks,SouthAfrica
545467,CJ Dala,SouthAfrica
222320,C Jonker,SouthAfrica
486679,D Olivier,SouthAfrica
337790,HE van der Dussen,SouthAfrica
379927,BE Hendricks,SouthAfrica
481979,A Nortje,SouthAfrica
48454,DS de Silva,SriLanka
48804,ER Fernando,SriLanka
49131,PD Heyn,SriLanka
49487,LWS Kaluperuma,SriLanka
49629,LRD Mendis,SriLanka
49849,ARM Opatha,SriLanka
49861,HSM Pieris,SriLanka
50241,AN Ranasinghe,SriLanka
50742,APB Tennekoon,SriLanka
50745,MH Tissera,SriLanka
50835,B Warnapura,SriLanka
50840,SRD Wettimuny,SriLanka
48458,GRA de Silva,SriLanka
48453,DLS de Silva,SriLanka
48470,RL Dias,SriLanka
49207,SA Jayasinghe,SriLanka
49852,SP Pasqual,SriLanka
49081,FRMD Gunatilleke,SriLanka
49623,RS Madugalle,SriLanka
48447,ALF de Mel,SriLanka
49206,RSA Jayasekera,SriLanka
50844,S Wettimuny,SriLanka
49097,HM Goonatilleke,SriLanka
50244,A Ranatunga,SriLanka
50250,JR Ratnayeke,SriLanka
50855,RGCE Wijesuriya,SriLanka
49213,VB John,SriLanka
50249,RJ Ratnayake,SriLanka
48446,RG de Alwis,SriLanka
48803,ERNS Fernando,SriLanka
48996,Y Goonasekera,SriLanka
50879,MD Wettimuny,SriLanka
49212,S Jeganathan,SriLanka
48457,GN de Silva,SriLanka
49368,DSBP Kuruppu,SriLanka
50421,MAR Samarasekera,SriLanka
48462,PA de Silva,SriLanka
49364,SHU Karnain,SriLanka
50432,SAR Silva,SriLanka
50807,DM Vonhagt,SriLanka
48116,FS Ahangama,SriLanka
49005,AP Gurusinha,SriLanka
48120,SD Anurasiri,SriLanka
48450,AM de Silva,SriLanka
49626,RS Mahanama,SriLanka
49857,KG Perera,SriLanka
50242,SK Ranasinghe,SriLanka
48117,KN Amalean,SriLanka
50240,CPH Ramanayake,SriLanka
49552,GF Labrooy,SriLanka
50744,HP Tillakaratne,SriLanka
48456,EAR de Silva,SriLanka
49359,SMS Kaluperuma,SriLanka
49624,MAWR Madurasinghe,SriLanka
50852,KIW Wijegunawardene,SriLanka
50248,NLK Ratnayake,SriLanka
48808,TL Fernando,SriLanka
49209,ST Jayasuriya,SriLanka
48124,MS Atapattu,SriLanka
50245,D Ranatunga,SriLanka
49361,RS Kaluwitharana,SriLanka
50836,KPJ Warnaweera,SriLanka
50426,CP Senanayake,SriLanka
50848,GP Wickramasinghe,SriLanka
49125,UC Hathurusingha,SriLanka
49356,RS Kalpage,SriLanka
49554,DK Liyanage,SriLanka
50851,AGD Wickremasinghe,SriLanka
50246,N Ranatunga,SriLanka
49636,M Muralitharan,SriLanka
48445,PB Dassanayake,SriLanka
50846,RPAH Wickramaratne,SriLanka
50422,DP Samaraweera,SriLanka
48809,UNK Fernando,SriLanka
50804,WPUJC Vaas,SriLanka
49002,AAW Gunawardena,SriLanka
49863,KR Pushpakumara,SriLanka
48369,UDU Chandana,SriLanka
49634,AMN Munasinghe,SriLanka
50837,AP Weerakkody,SriLanka
50247,S Ranatunga,SriLanka
48469,HDPK Dharmasena,SriLanka
50429,KJ Silva,SriLanka
48995,JC Gamage,SriLanka
49631,MC Mendis,SriLanka
48473,CI Dunusinghe,SriLanka
50791,KEA Upashantha,SriLanka
48460,KSC de Silva,SriLanka
51050,DNT Zoysa,SriLanka
48465,SKL de Silva,SriLanka
48122,RP Arnold,SriLanka
49289,DPMD Jayawardene,SriLanka
49010,DA Gunawardene,SriLanka
49767,MN Nawaz,SriLanka
49854,ASA Perera,SriLanka
48298,MRCN Bandaratilleke,SriLanka
50424,TT Samaraweera,SriLanka
49870,PDRL Perera,SriLanka
48290,JWHD Boteju,SriLanka
48449,SI de Saram,SriLanka
50431,LPC Silva,SriLanka
48472,TM Dilshan,SriLanka
48993,IS Gallage,SriLanka
50860,K Weeraratne,SriLanka
50710,KC Sangakkara,SriLanka
48835,CRD Fernando,SriLanka
49008,WCA Ganegama,SriLanka
48844,TCB Fernando,SriLanka
49769,RAP Nissanka,SriLanka
48967,KHRK Fernando,SriLanka
49598,MKGCP Lakshitha,SriLanka
49043,PW Gunaratne,SriLanka
49633,J Mubarak,SriLanka
49236,HAPW Jayawardene,SriLanka
49557,KS Lokuarachchi,SriLanka
49121,D Gamage,SriLanka
48821,KADM Fernando,SriLanka
49535,KMDN Kulasekara,SriLanka
49347,WS Jayantha,SriLanka
49178,HMRKB Herath,SriLanka
49638,MF Maharoof,SriLanka
49363,SHT Kandamby,SriLanka
49758,SL Malinga,SriLanka
48487,LHD Dilhara,SriLanka
50747,WU Tharanga,SriLanka
49344,PS Jayaprakashdaran,SriLanka
48284,HMCM Bandara,SriLanka
50809,MG Vandort,SriLanka
209457,CK Kapugedera,SriLanka
50163,KTGD Prasad,SriLanka
48139,MKDI Amerasinghe,SriLanka
50874,SM Warnapura,SriLanka
49920,MDK Perera,SriLanka
268739,BAW Mendis,SriLanka
50802,ML Udawatte,SriLanka
49677,T Thushara,SriLanka
49764,AD Mathews,SriLanka
51019,UWMBCA Welegedara,SriLanka
50438,S Randiv,SriLanka
49619,RAS Lakmal,SriLanka
233514,NLTC Perera,SriLanka
49868,M Pushpakumara,SriLanka
301236,HDRL Thirimanne,SriLanka
300628,LD Chandimal,SriLanka
49700,BMAJ Mendis,SriLanka
227772,FDM Karunaratne,SriLanka
267414,RMS Eranga,SriLanka
268740,S Prasanna,SriLanka
49477,CKB Kulasekara,SriLanka
273439,SMSM Senanayake,SriLanka
50914,S Weerakoon,SriLanka
328026,I Udana,SriLanka
324358,N Pradeep,SriLanka
574178,A Dananjaya,SriLanka
300631,MDKJ Perera,SriLanka
300629,AK Perera,SriLanka
233802,SMA Priyanjan,SriLanka
342616,KDK Vithanage,SriLanka
345825,PC de Silva,SriLanka
268845,PLS Gamage,SriLanka
429754,N Dickwella,SriLanka
552152,PVD Chameera,SriLanka
465797,PHT Kaushal,SriLanka
222354,TAM Siriwardana,SriLanka
212756,SS Pathirana,SriLanka
345821,MD Gunathilaka,SriLanka
422965,GSNFG Jayasuriya,SriLanka
370040,JDF Vandersay,SriLanka
465793,DM de Silva,SriLanka
629074,BKG Mendis,SriLanka
437316,MD Shanaka,SriLanka
362079,KMC Bandara,SriLanka
429748,MA Aponso,SriLanka
429738,PADLR Sandakan,SriLanka
784369,WIA Fernando,SriLanka
360456,DAS Gunaratne,SriLanka
499592,DS Weerakkody,SriLanka
784375,CBRLS Kumara,SriLanka
428366,LD Madushanka,SriLanka
784379,PWH de Silva,SriLanka
786925,AM Fernando,SriLanka
465783,MVT Fernando,SriLanka
304735,EMDY Munaweera,SriLanka
50205,PM Pushpakumara,SriLanka
629076,S Samarawickrama,SriLanka
1043681,DSK Madushanka,SriLanka
422871,NGRP Jayasuriya,SriLanka
499594,CAK Rajitha,SriLanka
366725,BOP Fernando,SriLanka
784373,PHKD Mendis,SriLanka
653033,PARP Perera,SriLanka
51229,KD Boyce,WestIndies
51793,MLC Foster,WestIndies
51797,RC Fredericks,WestIndies
51883,LR Gibbs,WestIndies
52061,VA Holder,WestIndies
52208,BD Julien,WestIndies
52285,AI Kallicharran,WestIndies
52287,RB Kanhai,WestIndies
52345,CH Lloyd,WestIndies
52441,DL Murray,WestIndies
52946,GS Sobers,WestIndies
52051,RGA Headley,WestIndies
52439,DA Murray,WestIndies
52812,IVA Richards,WestIndies
52817,AME Roberts,WestIndies
51901,CG Greenidge,WestIndies
52823,LG Rowe,WestIndies
52063,MA Holding,WestIndies
52290,CL King,WestIndies
51485,CEH Croft,WestIndies
51876,J Garner,WestIndies
51113,RA Austin,WestIndies
51208,SFAF Bacchus,WestIndies
51639,WW Daniel,WestIndies
52047,DL Haynes,WestIndies
52931,IT Shillingford,WestIndies
51477,ST Clarke,WestIndies
51891,HA Gomes,WestIndies
51899,AE Greenidge,WestIndies
52670,DR Parry,WestIndies
52678,N Phillip,WestIndies
52932,S Shivnarine,WestIndies
52419,MD Marshall,WestIndies
52683,MR Pydanna,WestIndies
52427,EH Mattis,WestIndies
51657,PJL Dujon,WestIndies
52347,AL Logie,WestIndies
51643,WW Davis,WestIndies
51211,EAE Baptiste,WestIndies
52045,RA Harper,WestIndies
52810,RB Richardson,WestIndies
51870,RS Gabriel,WestIndies
52939,MA Small,WestIndies
52672,TRO Payne,WestIndies
53216,CA Walsh,WestIndies
51898,AH Gray,WestIndies
52671,BP Patterson,WestIndies
51221,CA Best,WestIndies
51220,WKM Benjamin,WestIndies
52066,CL Hooper,WestIndies
52934,PV Simmons,WestIndies
53230,D Williams,WestIndies
51107,CEL Ambrose,WestIndies
51226,IR Bishop,WestIndies
51110,KLT Arthurton,WestIndies
52048,RC Haynes,WestIndies
52437,EA Moseley,WestIndies
25635,CB Lambert,WestIndies
52337,BC Lara,WestIndies
51488,AC Cummins,WestIndies
53214,PA Wallace,WestIndies
51218,KCG Benjamin,WestIndies
52442,JR Murray,WestIndies
51100,JC Adams,WestIndies
52059,RIC Holder,WestIndies
51469,S Chanderpaul,WestIndies
51487,CE Cuffy,WestIndies
53234,SC Williams,WestIndies
51278,BS Browne,WestIndies
51462,SL Campbell,WestIndies
51649,R Dhanraj,WestIndies
51655,VC Drakes,WestIndies
51885,OD Gibson,WestIndies
51108,HAG Anthony,WestIndies
51232,CO Browne,WestIndies
52199,RD Jacobs,WestIndies
53233,LR Williams,WestIndies
52430,NAM McLean,WestIndies
52922,RG Samuels,WestIndies
51905,AFG Griffith,WestIndies
53130,PIC Thompson,WestIndies
52821,FA Rose,WestIndies
52805,D Ramnarine,WestIndies
52808,FL Reifer,WestIndies
52343,RN Lewis,WestIndies
51651,M Dillon,WestIndies
52428,NC McGarrell,WestIndies
53132,CM Tuckett,WestIndies
52294,RD King,WestIndies
52928,KF Semple,WestIndies
51872,D Ganga,WestIndies
51235,HR Bryan,WestIndies
52675,NO Perry,WestIndies
52681,RL Powell,WestIndies
52057,WW Hinds,WestIndies
51481,CD Collymore,WestIndies
51880,CH Gayle,WestIndies
51479,PT Collins,WestIndies
52206,SC Joseph,WestIndies
52630,MV Nagamootoo,WestIndies
52969,RR Sarwan,WestIndies
52210,KCB Jeremy,WestIndies
52983,MN Samuels,WestIndies
51228,MI Black,WestIndies
52960,CEL Stuart,WestIndies
51877,LV Garrick,WestIndies
52413,JJC Lawson,WestIndies
51251,D Brown,WestIndies
52055,RO Hinds,WestIndies
52445,RS Morton,WestIndies
52790,DBL Powell,WestIndies
51258,OAC Banks,WestIndies
51446,CS Baugh,WestIndies
52962,DS Smith,WestIndies
52076,RO Hurley,WestIndies
51300,DE Bernard,WestIndies
53191,JE Taylor,WestIndies
52912,R Rampaul,WestIndies
51782,FH Edwards,WestIndies
53118,DR Smith,WestIndies
51439,DJ Bravo,WestIndies
51246,IDR Bradshaw,WestIndies
51436,TL Best,WestIndies
53115,DJG Sammy,WestIndies
52626,XM Marshall,WestIndies
51659,N Deonarine,WestIndies
52917,D Ramdin,WestIndies
51292,DK Butler,WestIndies
52913,RR Ramdass,WestIndies
51492,S Chattergoon,WestIndies
52490,D Mohammed,WestIndies
53116,LMP Simmons,WestIndies
51784,RR Emrit,WestIndies
230559,KA Pollard,WestIndies
52918,ACL Richards,WestIndies
52687,BA Parchment,WestIndies
51437,PA Browne,WestIndies
51248,SJ Benn,WestIndies
51862,ADS Fletcher,WestIndies
51865,SE Findlay,WestIndies
52622,NO Miller,WestIndies
52280,LR Johnson,WestIndies
6950,BP Nash,WestIndies
230553,KAJ Roach,WestIndies
51431,LS Baker,WestIndies
277472,DM Bravo,WestIndies
51660,TM Dowlin,WestIndies
230552,NT Pascal,WestIndies
52833,DM Richards,WestIndies
248920,DC Thomas,WestIndies
53153,GC Tonge,WestIndies
252932,KOA Powell,WestIndies
315586,CAK Walton,WestIndies
275943,RT Crandon,WestIndies
274926,AB Barath,WestIndies
276298,AD Russell,WestIndies
341593,D Bishoo,WestIndies
51786,KA Edwards,WestIndies
245373,A Martin,WestIndies
52197,DP Hyatt,WestIndies
457249,CR Brathwaite,WestIndies
230558,SP Narine,WestIndies
230549,JN Mohammed,WestIndies
333066,J Charles,WestIndies
274921,V Permaul,WestIndies
391485,JO Holder,WestIndies
556749,ML Cummins,WestIndies
314615,JL Carter,WestIndies
495551,SS Cottrell,WestIndies
431909,J Blackwood,WestIndies
446101,ST Gabriel,WestIndies
348024,KC Brathwaite,WestIndies
670031,AS Joseph,WestIndies
431901,E Lewis,WestIndies
581379,SD Hope,WestIndies
315594,AR Nurse,WestIndies
820351,R Powell,WestIndies
391832,RL Chase,WestIndies
443150,KA Hope,WestIndies
450075,KOK Williams,WestIndies
348054,SW Ambris,WestIndies
498440,RR Beaton,WestIndies
670025,SO Hetmyer,WestIndies
677081,KMA Paul,WestIndies
530811,C Hemraj,WestIndies
914567,O Thomas,WestIndies
906783,OC McCoy,WestIndies
670013,FA Allen,WestIndies
348026,JD Campbell,WestIndies
604302,N Pooran,WestIndies
431905,SO Dowrich,WestIndies
450101,RA Reifer,WestIndies
55280,IP Butchart,Zimbabwe
55324,KM Curran,Zimbabwe
55424,DAG Fletcher,Zimbabwe
55485,JG Heron,Zimbabwe
55493,VR Hogg,Zimbabwe
55497,DL Houghton,Zimbabwe
55680,AH Omarshah,Zimbabwe
55684,GA Paterson,Zimbabwe
55700,AJ Pycroft,Zimbabwe
55710,PWE Rawson,Zimbabwe
55802,AJ Traicos,Zimbabwe
55275,RD Brown,Zimbabwe
55692,GE Peckover,Zimbabwe
55267,EA Brandes,Zimbabwe
55840,AC Waller,Zimbabwe
55525,MP Jarvis,Zimbabwe
55235,KJ Arnott,Zimbabwe
55591,MA Meman,Zimbabwe
55382,KG Duers,Zimbabwe
55427,A Flower,Zimbabwe
55524,WR James,Zimbabwe
55301,ADR Campbell,Zimbabwe
55279,MG Burmester,Zimbabwe
55265,DH Brain,Zimbabwe
55321,GJ Crocker,Zimbabwe
55408,CN Evans,Zimbabwe
55429,GW Flower,Zimbabwe
55367,MH Dekker,Zimbabwe
55691,SG Peall,Zimbabwe
55406,EA Essop-Adam,Zimbabwe
55708,U Ranchod,Zimbabwe
55271,GA Briant,Zimbabwe
55714,JA Rennie,Zimbabwe
55761,HH Streak,Zimbabwe
55848,GJ Whittall,Zimbabwe
55276,GK Bruk-Jackson,Zimbabwe
55579,GC Martin,Zimbabwe
55758,PA Strang,Zimbabwe
55307,SV Carlisle,Zimbabwe
55756,BC Strang,Zimbabwe
55675,HK Olonga,Zimbabwe
55360,SG Davies,Zimbabwe
55560,ACI Lock,Zimbabwe
55854,CB Wishart,Zimbabwe
55846,AR Whittall,Zimbabwe
55269,GB Brent,Zimbabwe
55713,GJ Rennie,Zimbabwe
55584,M Mbangwa,Zimbabwe
55582,EZ Matambanadzo,Zimbabwe
55825,DP Viljoen,Zimbabwe
55502,AG Huckle,Zimbabwe
55456,MW Goodwin,Zimbabwe
55571,TN Madondo,Zimbabwe
55663,ML Nkala,Zimbabwe
55528,NC Johnson,Zimbabwe
55259,AM Blignaut,Zimbabwe
55602,DT Mutendera,Zimbabwe
55610,BA Murphy,Zimbabwe
55438,TJ Friend,Zimbabwe
55578,DA Marillier,Zimbabwe
55822,MA Vermeulen,Zimbabwe
55568,AJ Mackay,Zimbabwe
55416,DD Ebrahim,Zimbabwe
55805,T Taibu,Zimbabwe
55608,H Masakadza,Zimbabwe
55509,DT Hondo,Zimbabwe
55414,SM Ervine,Zimbabwe
55463,TR Gripper,Zimbabwe
55698,RW Price,Zimbabwe
55612,S Matsikenyeri,Zimbabwe
55736,BG Rogers,Zimbabwe
55774,RW Sims,Zimbabwe
55640,W Mwayenga,Zimbabwe
55329,CK Coventry,Zimbabwe
55787,V Sibanda,Zimbabwe
55573,A Maregwede,Zimbabwe
55628,NB Mahwire,Zimbabwe
55343,E Chigumbura,Zimbabwe
55705,T Panyangara,Zimbabwe
55814,BRM Taylor,Zimbabwe
55820,P Utseya,Zimbabwe
55652,T Mupariwa,Zimbabwe
55740,EC Rainsford,Zimbabwe
55633,CB Mpofu,Zimbabwe
55419,GM Ewing,Zimbabwe
55870,SC Williams,Zimbabwe
55522,AJ Ireland,Zimbabwe
55354,CJ Chibhabha,Zimbabwe
55388,KM Dabengwa,Zimbabwe
55391,T Duffin,Zimbabwe
232443,KO Meth,Zimbabwe
55737,HP Rinke,Zimbabwe
55782,GM Strydom,Zimbabwe
55518,RS Higgins,Zimbabwe
55643,TV Mufambisi,Zimbabwe
235521,TP Kamungozi,Zimbabwe
55597,TMK Mawoyo,Zimbabwe
55551,F Kasteni,Zimbabwe
235524,T Maruma,Zimbabwe
235532,C Zhuwao,Zimbabwe
293831,RW Chakabva,Zimbabwe
55872,MN Waller,Zimbabwe
55346,AG Cremer,Zimbabwe
55641,F Mutizwa,Zimbabwe
332996,KM Jarvis,Zimbabwe
55472,TN Garwe,Zimbabwe
55562,GA Lamb,Zimbabwe
343529,SW Masakadza,Zimbabwe
55412,CR Ervine,Zimbabwe
55669,IA Nicolson,Zimbabwe
235514,BV Vitori,Zimbabwe
392944,N M'shangwe,Zimbabwe
333002,N Ncube,Zimbabwe
425639,TL Chatara,Zimbabwe
333001,CT Mutombodzi,Zimbabwe
299572,Sikandar Raza,Zimbabwe
55353,MT Chinouya,Zimbabwe
392945,DT Tiripano,Zimbabwe
235516,R Mutumbami,Zimbabwe
541224,LM Jongwe,Zimbabwe
453289,N Madziva,Zimbabwe
55666,J Nyumbu,Zimbabwe
290462,SF Mire,Zimbabwe
333000,PJ Moor,Zimbabwe
392946,R Kaia,Zimbabwe
427178,BB Chari,Zimbabwe
571703,WP Masakadza,Zimbabwe
232444,T Muzarabani,Zimbabwe
235519,TS Chisoro,Zimbabwe
672775,CT Mumba,Zimbabwe
596375,TK Musakanda,Zimbabwe
495964,RP Burl,Zimbabwe
806241,R Ngarava,Zimbabwe
827051,B Muzarabani,Zimbabwe
696139,R Murray,Zimbabwe
596002,LN Roche,Zimbabwe
232442,PS Masvaure,Zimbabwe
713811,TS Kamunhukamwe,Zimbabwe
806239,B Mavuta,Zimbabwe
